agent,trial,episode,cumulativeReward,averageReward,cumulativeSteps,numSteps
Q-Learning,0,0,-51.22999999999639,-0.008365447419986346,6124.0,6124.0
Q-Learning,0,1,-77.52999999999773,-0.0072431836959519,9755.0,3631.0
Q-Learning,0,2,-76.66999999999757,9.39890710382678E-4,10670.0,915.0
Q-Learning,0,3,-90.94999999999857,-0.005878962536023465,13099.0,2429.0
Q-Learning,0,4,-93.94999999999834,-0.0023059185242119656,14400.0,1301.0
Q-Learning,0,5,-87.38999999999831,0.019014492753623272,14745.0,345.0
Q-Learning,0,6,-84.3499999999982,0.0043615494978480685,15442.0,697.0
Q-Learning,0,7,-81.69999999999808,0.0036005434782610223,16178.0,736.0
Q-Learning,0,8,-77.859999999998,0.0062236628849272075,16795.0,617.0
Q-Learning,0,9,-79.2699999999978,-0.0012346760070050798,17937.0,1142.0
Q-Learning,0,10,-88.26999999999796,-0.0047343503419253925,19838.0,1901.0
Q-Learning,0,11,-111.74999999999987,-0.007011048074052526,23187.0,3349.0
Q-Learning,0,12,-107.1999999999998,0.008333333333333465,23733.0,546.0
Q-Learning,0,13,-101.26999999999975,0.0145343137254903,24141.0,408.0
Q-Learning,0,14,-99.62999999999963,0.001959378733572442,24978.0,837.0
Q-Learning,0,15,-91.97999999999962,0.03241525423728816,25214.0,236.0
Q-Learning,0,16,-93.59999999999941,-0.0013929492691313816,26377.0,1163.0
Q-Learning,0,17,-85.9699999999994,0.03205882352941179,26615.0,238.0
Q-Learning,0,18,-79.49999999999937,0.018276836158192176,26969.0,354.0
Q-Learning,0,19,-71.23999999999938,0.04719999999999999,27144.0,175.0
Q-Learning,0,20,-65.19999999999935,0.015214105793450982,27541.0,397.0
Q-Learning,0,21,-57.539999999999345,0.03259574468085109,27776.0,235.0
Q-Learning,0,22,-53.65999999999926,0.00632952691680275,28389.0,613.0
Q-Learning,0,23,-48.109999999999204,0.01244394618834092,28835.0,446.0
Q-Learning,0,24,-40.549999999999194,0.03085714285714289,29080.0,245.0
Q-Learning,0,25,-32.579999999999195,0.03906862745098039,29284.0,204.0
Q-Learning,0,26,-26.819999999999148,0.013552941176470696,29709.0,425.0
Q-Learning,0,27,-21.349999999999095,0.01204845814977985,30163.0,454.0
Q-Learning,0,28,-12.989999999999096,0.050666666666666665,30328.0,165.0
Q-Learning,0,29,-6.059999999999075,0.02250000000000007,30636.0,308.0
Q-Learning,0,30,0.9000000000009454,0.02281967213114761,30941.0,305.0
Q-Learning,0,31,5.070000000001025,0.007140410958904247,31525.0,584.0
Q-Learning,0,32,11.570000000001055,0.018518518518518604,31876.0,351.0
Q-Learning,0,33,16.430000000001122,0.009436893203883622,32391.0,515.0
Q-Learning,0,34,13.520000000001353,-0.00225232198142397,33683.0,1292.0
Q-Learning,0,35,14.490000000001501,0.001073008849557686,34587.0,904.0
Q-Learning,0,36,22.5900000000015,0.04240837696335077,34778.0,191.0
Q-Learning,0,37,28.260000000001547,0.013064516129032368,35212.0,434.0
Q-Learning,0,38,33.20000000000161,0.009743589743589869,35719.0,507.0
Q-Learning,0,39,39.28000000000165,0.015470737913486104,36112.0,393.0
Q-Learning,0,40,45.03000000000169,0.013497652582159732,36538.0,426.0
Q-Learning,0,41,51.28000000000173,0.01662234042553201,36914.0,376.0
Q-Learning,0,42,59.09000000000173,0.03550000000000001,37134.0,220.0
Q-Learning,0,43,66.57000000000174,0.029565217391304386,37387.0,253.0
Q-Learning,0,44,71.45000000000181,0.009512670565302271,37900.0,513.0
Q-Learning,0,45,77.06000000000185,0.012750000000000112,38340.0,440.0
Q-Learning,0,46,79.02000000000197,0.00243478260869581,39145.0,805.0
Q-Learning,0,47,86.80000000000197,0.03488789237668163,39368.0,223.0
Q-Learning,0,48,94.39000000000198,0.03136363636363639,39610.0,242.0
Q-Learning,0,49,101.160000000002,0.02089506172839514,39934.0,324.0
Q-Learning,0,50,108.20000000000202,0.023703703703703765,40231.0,297.0
Q-Learning,0,51,116.06000000000202,0.036558139534883724,40446.0,215.0
Q-Learning,0,52,123.08000000000204,0.02347826086956528,40745.0,299.0
Q-Learning,0,53,131.13000000000204,0.041071428571428564,40941.0,196.0
Q-Learning,0,54,137.47000000000207,0.017275204359673117,41308.0,367.0
Q-Learning,0,55,143.6800000000021,0.01634210526315799,41688.0,380.0
Q-Learning,0,56,149.34000000000216,0.013011494252873674,42123.0,435.0
Q-Learning,0,57,157.14000000000217,0.03529411764705884,42344.0,221.0
Q-Learning,0,58,163.3800000000022,0.01655172413793113,42721.0,377.0
Q-Learning,0,59,171.15000000000222,0.03468750000000002,42945.0,224.0
Q-Learning,0,60,179.2600000000022,0.04268421052631579,43135.0,190.0
Q-Learning,0,61,187.4200000000022,0.0441081081081081,43320.0,185.0
Q-Learning,0,62,192.87000000000225,0.011951754385965027,43776.0,456.0
Q-Learning,0,63,199.84000000000228,0.022927631578947436,44080.0,304.0
Q-Learning,0,64,207.71000000000228,0.03677570093457944,44294.0,214.0
Q-Learning,0,65,216.09000000000228,0.05141104294478527,44457.0,163.0
Q-Learning,0,66,223.0600000000023,0.022927631578947436,44761.0,304.0
Q-Learning,0,67,231.0600000000023,0.039800995024875614,44962.0,201.0
Q-Learning,0,68,238.9600000000023,0.03744075829383887,45173.0,211.0
Q-Learning,0,69,247.23000000000232,0.047528735632183905,45347.0,174.0
Q-Learning,0,70,255.4900000000023,0.04719999999999999,45522.0,175.0
Q-Learning,0,71,260.72000000000236,0.010941422594142379,46000.0,478.0
Q-Learning,0,72,268.71000000000237,0.03955445544554455,46202.0,202.0
Q-Learning,0,73,277.1200000000024,0.05256249999999999,46362.0,160.0
Q-Learning,0,74,286.0700000000024,0.08443396226415094,46468.0,106.0
Q-Learning,0,75,294.08000000000237,0.04004999999999999,46668.0,200.0
Q-Learning,0,76,302.7000000000024,0.06201438848920863,46807.0,139.0
Q-Learning,0,77,310.1700000000024,0.029409448818897677,47061.0,254.0
Q-Learning,0,78,318.2100000000024,0.04081218274111675,47258.0,197.0
Q-Learning,0,79,326.07000000000244,0.036558139534883724,47473.0,215.0
Q-Learning,0,80,334.1500000000024,0.04186528497409325,47666.0,193.0
Q-Learning,0,81,342.6000000000024,0.05416666666666666,47822.0,156.0
Q-Learning,0,82,350.6800000000024,0.04186528497409325,48015.0,193.0
Q-Learning,0,83,358.14000000000243,0.02925490196078435,48270.0,255.0
Q-Learning,0,84,366.00000000000244,0.036558139534883724,48485.0,215.0
Q-Learning,0,85,373.66000000000247,0.03259574468085109,48720.0,235.0
Q-Learning,0,86,380.5300000000025,0.021878980891719815,49034.0,314.0
Q-Learning,0,87,388.0000000000025,0.029409448818897677,49288.0,254.0
Q-Learning,0,88,396.4300000000025,0.05335443037974683,49446.0,158.0
Q-Learning,0,89,404.6400000000025,0.04561111111111111,49626.0,180.0
Q-Learning,0,90,412.6800000000025,0.04081218274111675,49823.0,197.0
Q-Learning,0,91,421.1400000000025,0.05458064516129032,49978.0,155.0
Q-Learning,0,92,429.4600000000025,0.049230769230769224,50147.0,169.0
Q-Learning,0,93,434.52000000000254,0.010222222222222346,50642.0,495.0
Q-Learning,0,94,443.15000000000254,0.06253623188405796,50780.0,138.0
Q-Learning,0,95,451.1000000000025,0.03859223300970874,50986.0,206.0
Q-Learning,0,96,459.4300000000025,0.049583333333333326,51154.0,168.0
Q-Learning,0,97,468.34000000000253,0.081,51264.0,110.0
Q-Learning,0,98,476.40000000000254,0.041333333333333326,51459.0,195.0
Q-Learning,0,99,485.2200000000025,0.07411764705882351,51578.0,119.0
Q-Learning,1,0,-41.64999999999829,-0.008062330623305903,5166.0,5166.0
Q-Learning,1,1,-54.96999999999914,-0.005709387055293976,7499.0,2333.0
Q-Learning,1,2,-47.95999999999912,0.02336666666666673,7799.0,300.0
Q-Learning,1,3,-56.87999999999928,-0.004712097200211388,9692.0,1893.0
Q-Learning,1,4,-66.2399999999995,-0.004832214765100788,11629.0,1937.0
Q-Learning,1,5,-67.0599999999993,-7.571560480146018E-4,12712.0,1083.0
Q-Learning,1,6,-65.38999999999918,0.002002398081534932,13546.0,834.0
Q-Learning,1,7,-67.76999999999896,-0.0019209039548020827,14785.0,1239.0
Q-Learning,1,8,-64.57999999999886,0.0046774193548388575,15467.0,682.0
Q-Learning,1,9,-60.759999999998776,0.006171243941841821,16086.0,619.0
Q-Learning,1,10,-57.90999999999867,0.003980446927374453,16802.0,716.0
Q-Learning,1,11,-56.39999999999853,0.0017764705882354547,17652.0,850.0
Q-Learning,1,12,-49.8999999999985,0.018518518518518604,18003.0,351.0
Q-Learning,1,13,-47.07999999999839,0.003922114047288051,18722.0,719.0
Q-Learning,1,14,-44.259999999998286,0.003922114047288051,19441.0,719.0
Q-Learning,1,15,-38.619999999998235,0.012906178489702628,19878.0,437.0
Q-Learning,1,16,-35.819999999998124,0.003883495145631219,20599.0,721.0
Q-Learning,1,17,-37.53999999999792,-0.0014663256606988872,21772.0,1173.0
Q-Learning,1,18,-43.41999999999762,-0.003700440528634176,23361.0,1589.0
Q-Learning,1,19,-41.71999999999749,0.0020457280385079812,24192.0,831.0
Q-Learning,1,20,-35.22999999999746,0.018437500000000086,24544.0,352.0
Q-Learning,1,21,-28.569999999997435,0.019880597014925453,24879.0,335.0
Q-Learning,1,22,-25.989999999997323,0.0034724091520862903,25622.0,743.0
Q-Learning,1,23,-18.869999999997304,0.0246366782006921,25911.0,289.0
Q-Learning,1,24,-13.909999999997241,0.009821782178217947,26416.0,505.0
Q-Learning,1,25,-15.259999999997044,-0.0011883802816899669,27552.0,1136.0
Q-Learning,1,26,-16.239999999996854,-8.917197452227573E-4,28651.0,1099.0
Q-Learning,1,27,-9.279999999996834,0.02281967213114761,28956.0,305.0
Q-Learning,1,28,-2.0399999999968195,0.02613718411552352,29233.0,277.0
Q-Learning,1,29,3.2100000000032374,0.011029411764706001,29709.0,476.0
Q-Learning,1,30,5.160000000003365,0.0024193548387098354,30515.0,806.0
Q-Learning,1,31,13.030000000003366,0.03677570093457944,30729.0,214.0
Q-Learning,1,32,20.23000000000338,0.0256227758007118,31010.0,281.0
Q-Learning,1,33,21.430000000003524,0.0013620885357549866,31891.0,881.0
Q-Learning,1,34,27.450000000003563,0.015087719298245716,32290.0,399.0
Q-Learning,1,35,32.48000000000363,0.010100401606425826,32788.0,498.0
Q-Learning,1,36,33.84000000000377,0.0015722543352602771,33653.0,865.0
Q-Learning,1,37,41.03000000000378,0.025496453900709273,33935.0,282.0
Q-Learning,1,38,42.67000000000392,0.001959378733572442,34772.0,837.0
Q-Learning,1,39,46.20000000000401,0.005447530864197675,35420.0,648.0
Q-Learning,1,40,53.230000000004026,0.0235906040268457,35718.0,298.0
Q-Learning,1,41,60.790000000004035,0.03085714285714289,35963.0,245.0
Q-Learning,1,42,68.37000000000404,0.03119341563786011,36206.0,243.0
Q-Learning,1,43,74.0600000000041,0.013171296296296407,36638.0,432.0
Q-Learning,1,44,81.5500000000041,0.029722222222222257,36890.0,252.0
Q-Learning,1,45,85.71000000000419,0.007111111111111248,37475.0,585.0
Q-Learning,1,46,90.61000000000425,0.009589041095890536,37986.0,511.0
Q-Learning,1,47,97.35000000000427,0.02061162079510711,38313.0,327.0
Q-Learning,1,48,99.66000000000439,0.0030000000000001553,39083.0,770.0
Q-Learning,1,49,108.09000000000438,0.05335443037974683,39241.0,158.0
Q-Learning,1,50,115.4000000000044,0.027074074074074122,39511.0,270.0
Q-Learning,1,51,119.22000000000449,0.006171243941841821,40130.0,619.0
Q-Learning,1,52,125.07000000000454,0.014062500000000106,40546.0,416.0
Q-Learning,1,53,133.29000000000454,0.0459217877094972,40725.0,179.0
Q-Learning,1,54,138.7000000000046,0.011760869565217507,41185.0,460.0
Q-Learning,1,55,145.6300000000046,0.02250000000000007,41493.0,308.0
Q-Learning,1,56,154.0300000000046,0.05217391304347825,41654.0,161.0
Q-Learning,1,57,161.52000000000461,0.029722222222222257,41906.0,252.0
Q-Learning,1,58,166.60000000000468,0.010304259634888562,42399.0,493.0
Q-Learning,1,59,174.1400000000047,0.030526315789473717,42646.0,247.0
Q-Learning,1,60,180.95000000000474,0.021281250000000074,42966.0,320.0
Q-Learning,1,61,189.45000000000474,0.05629139072847681,43117.0,151.0
Q-Learning,1,62,196.00000000000477,0.018930635838150373,43463.0,346.0
Q-Learning,1,63,203.3600000000048,0.027773584905660422,43728.0,265.0
Q-Learning,1,64,211.15000000000478,0.0350900900900901,43950.0,222.0
Q-Learning,1,65,218.62000000000478,0.029409448818897677,44204.0,254.0
Q-Learning,1,66,227.41000000000477,0.07204918032786885,44326.0,122.0
Q-Learning,1,67,236.52000000000476,0.10122222222222221,44416.0,90.0
Q-Learning,1,68,244.24000000000476,0.03371179039301312,44645.0,229.0
Q-Learning,1,69,248.81000000000483,0.008400735294117778,45189.0,544.0
Q-Learning,1,70,257.18000000000484,0.051036585365853655,45353.0,164.0
Q-Learning,1,71,264.49000000000484,0.027074074074074122,45623.0,270.0
Q-Learning,1,72,270.2900000000049,0.01377672209026139,46044.0,421.0
Q-Learning,1,73,278.39000000000493,0.04240837696335077,46235.0,191.0
Q-Learning,1,74,285.80000000000496,0.028500000000000043,46495.0,260.0
Q-Learning,1,75,294.270000000005,0.05499999999999999,46649.0,154.0
Q-Learning,1,76,301.820000000005,0.03069105691056914,46895.0,246.0
Q-Learning,1,77,308.90000000000504,0.02416382252559733,47188.0,293.0
Q-Learning,1,78,316.740000000005,0.036129032258064527,47405.0,217.0
Q-Learning,1,79,325.500000000005,0.07008,47530.0,125.0
Q-Learning,1,80,332.90000000000504,0.028352490421455982,47791.0,261.0
Q-Learning,1,81,341.670000000005,0.0707258064516129,47915.0,124.0
Q-Learning,1,82,349.32000000000505,0.03241525423728816,48151.0,236.0
Q-Learning,1,83,357.1700000000051,0.0363425925925926,48367.0,216.0
Q-Learning,1,84,365.4600000000051,0.04819767441860465,48539.0,172.0
Q-Learning,1,85,369.84000000000515,0.007779751332149335,49102.0,563.0
Q-Learning,1,86,378.42000000000513,0.05999999999999999,49245.0,143.0
Q-Learning,1,87,387.3100000000051,0.07937499999999999,49357.0,112.0
Q-Learning,1,88,395.2600000000051,0.03859223300970874,49563.0,206.0
Q-Learning,1,89,403.4900000000051,0.046235955056179764,49741.0,178.0
Q-Learning,1,90,411.16000000000514,0.0327777777777778,49975.0,234.0
Q-Learning,1,91,418.44000000000517,0.026666666666666717,50248.0,273.0
Q-Learning,1,92,424.9200000000052,0.018356940509915102,50601.0,353.0
Q-Learning,1,93,433.2400000000052,0.049230769230769224,50770.0,169.0
Q-Learning,1,94,440.00000000000523,0.020800000000000075,51095.0,325.0
Q-Learning,1,95,447.16000000000525,0.025122807017543915,51380.0,285.0
Q-Learning,1,96,455.73000000000525,0.05951388888888888,51524.0,144.0
Q-Learning,1,97,462.78000000000526,0.02381756756756763,51820.0,296.0
Q-Learning,1,98,470.93000000000524,0.04381720430107526,52006.0,186.0
Q-Learning,1,99,479.4600000000052,0.05763513513513513,52154.0,148.0
Q-Learning,2,0,-4.079999999999744,-0.00289567068843133,1409.0,1409.0
Q-Learning,2,1,-35.59000000000005,-0.007589113680154217,5561.0,4152.0
Q-Learning,2,2,-75.87999999999862,-0.008009940357852597,10591.0,5030.0
Q-Learning,2,3,-121.45999999999613,-0.008199316423816785,16150.0,5559.0
Q-Learning,2,4,-117.50999999999604,0.006518151815181658,16756.0,606.0
Q-Learning,2,5,-125.159999999996,-0.004331823329558301,18522.0,1766.0
Q-Learning,2,6,-120.22999999999594,0.009704724409448945,19030.0,508.0
Q-Learning,2,7,-117.54999999999583,0.0036562073669851453,19763.0,733.0
Q-Learning,2,8,-116.36999999999568,0.0013363533408835148,20646.0,883.0
Q-Learning,2,9,-114.65999999999555,0.002060240963855581,21476.0,830.0
Q-Learning,2,10,-107.41999999999554,0.02613718411552352,21753.0,277.0
Q-Learning,2,11,-111.37999999999529,-0.0028346456692911574,23150.0,1397.0
Q-Learning,2,12,-105.64999999999525,0.013387850467289828,23578.0,428.0
Q-Learning,2,13,-100.81999999999518,0.009324324324324451,24096.0,518.0
Q-Learning,2,14,-95.64999999999512,0.010681818181818303,24580.0,484.0
Q-Learning,2,15,-89.73999999999508,0.014414634146341568,24990.0,410.0
Q-Learning,2,16,-85.32999999999501,0.007875000000000134,25550.0,560.0
Q-Learning,2,17,-79.70999999999496,0.012801822323462527,25989.0,439.0
Q-Learning,2,18,-76.30999999999487,0.005143721633888194,26650.0,661.0
Q-Learning,2,19,-71.01999999999481,0.011207627118644186,27122.0,472.0
Q-Learning,2,20,-64.06999999999479,0.022712418300653663,27428.0,306.0
Q-Learning,2,21,-60.81999999999469,0.0048076923076924545,28104.0,676.0
Q-Learning,2,22,-56.17999999999462,0.008640595903165866,28641.0,537.0
Q-Learning,2,23,-49.1799999999946,0.023255813953488438,28942.0,301.0
Q-Learning,2,24,-43.22999999999456,0.014655172413793207,29348.0,406.0
Q-Learning,2,25,-36.93999999999453,0.016908602150537726,29720.0,372.0
Q-Learning,2,26,-33.729999999994426,0.004720588235294265,30400.0,680.0
Q-Learning,2,27,-27.599999999994388,0.015798969072165048,30788.0,388.0
Q-Learning,2,28,-23.399999999994307,0.007228915662650739,31369.0,581.0
Q-Learning,2,29,-19.08999999999423,0.007561403508772065,31939.0,570.0
Q-Learning,2,30,-16.529999999994118,0.0034362416107384082,32684.0,745.0
Q-Learning,2,31,-8.29999999999412,0.046235955056179764,32862.0,178.0
Q-Learning,2,32,-2.0199999999940843,0.016836461126005457,33235.0,373.0
Q-Learning,2,33,2.0100000000059985,0.006739130434782747,33833.0,598.0
Q-Learning,2,34,8.530000000006028,0.018681948424068853,34182.0,349.0
Q-Learning,2,35,14.690000000006066,0.016000000000000097,34567.0,385.0
Q-Learning,2,36,20.00000000000612,0.01129787234042565,35037.0,470.0
Q-Learning,2,37,27.01000000000614,0.02336666666666673,35337.0,300.0
Q-Learning,2,38,34.04000000000616,0.0235906040268457,35635.0,298.0
Q-Learning,2,39,40.740000000006184,0.02024169184290038,35966.0,331.0
Q-Learning,2,40,48.39000000000619,0.03241525423728816,36202.0,236.0
Q-Learning,2,41,49.50000000000634,0.001247191011236118,37092.0,890.0
Q-Learning,2,42,57.690000000006336,0.044999999999999984,37274.0,182.0
Q-Learning,2,43,64.94000000000635,0.026268115942029036,37550.0,276.0
Q-Learning,2,44,72.02000000000636,0.02416382252559733,37843.0,293.0
Q-Learning,2,45,75.02000000000646,0.004279600570613559,38544.0,701.0
Q-Learning,2,46,81.54000000000649,0.018681948424068853,38893.0,349.0
Q-Learning,2,47,87.31000000000654,0.013608490566037844,39317.0,424.0
Q-Learning,2,48,95.93000000000654,0.06201438848920863,39456.0,139.0
Q-Learning,2,49,103.37000000000656,0.02894941634241249,39713.0,257.0
Q-Learning,2,50,110.05000000000658,0.02006006006006014,40046.0,333.0
Q-Learning,2,51,111.9600000000067,0.0023580246913581827,40856.0,810.0
Q-Learning,2,52,117.91000000000675,0.014655172413793207,41262.0,406.0
Q-Learning,2,53,125.04000000000676,0.0247569444444445,41550.0,288.0
Q-Learning,2,54,133.26000000000676,0.0459217877094972,41729.0,179.0
Q-Learning,2,55,134.9800000000069,0.002074788902292077,42558.0,829.0
Q-Learning,2,56,142.07000000000693,0.02428082191780828,42850.0,292.0
Q-Learning,2,57,150.11000000000692,0.04081218274111675,43047.0,197.0
Q-Learning,2,58,158.27000000000692,0.0441081081081081,43232.0,185.0
Q-Learning,2,59,162.740000000007,0.008068592057761866,43786.0,554.0
Q-Learning,2,60,168.17000000000706,0.011855895196506667,44244.0,458.0
Q-Learning,2,61,174.7300000000071,0.019014492753623272,44589.0,345.0
Q-Learning,2,62,183.2200000000071,0.05585526315789473,44741.0,152.0
Q-Learning,2,63,190.6900000000071,0.029409448818897677,44995.0,254.0
Q-Learning,2,64,197.63000000000713,0.02260586319218248,45302.0,307.0
Q-Learning,2,65,205.03000000000713,0.028352490421455982,45563.0,261.0
Q-Learning,2,66,213.03000000000713,0.039800995024875614,45764.0,201.0
Q-Learning,2,67,221.54000000000713,0.05673333333333332,45914.0,150.0
Q-Learning,2,68,228.45000000000715,0.02229032258064523,46224.0,310.0
Q-Learning,2,69,237.38000000000716,0.08268518518518518,46332.0,108.0
Q-Learning,2,70,245.87000000000717,0.05585526315789473,46484.0,152.0
Q-Learning,2,71,250.03000000000725,0.007111111111111248,47069.0,585.0
Q-Learning,2,72,254.77000000000731,0.008994307400379636,47596.0,527.0
Q-Learning,2,73,262.1300000000073,0.027773584905660422,47861.0,265.0
Q-Learning,2,74,269.9500000000073,0.03570776255707764,48080.0,219.0
Q-Learning,2,75,275.73000000000735,0.013664302600472921,48503.0,423.0
Q-Learning,2,76,283.60000000000736,0.03677570093457944,48717.0,214.0
Q-Learning,2,77,292.23000000000735,0.06253623188405796,48855.0,138.0
Q-Learning,2,78,300.62000000000734,0.05179012345679011,49017.0,162.0
Q-Learning,2,79,307.27000000000737,0.019791666666666746,49353.0,336.0
Q-Learning,2,80,316.03000000000736,0.07008,49478.0,125.0
Q-Learning,2,81,324.52000000000737,0.05585526315789473,49630.0,152.0
Q-Learning,2,82,333.52000000000737,0.0891089108910891,49731.0,101.0
Q-Learning,2,83,342.54000000000735,0.0911111111111111,49830.0,99.0
Q-Learning,2,84,350.5100000000074,0.03906862745098039,50034.0,204.0
Q-Learning,2,85,358.0600000000074,0.03069105691056914,50280.0,246.0
Q-Learning,2,86,366.1800000000074,0.04296296296296296,50469.0,189.0
Q-Learning,2,87,372.24000000000746,0.015341772151898834,50864.0,395.0
Q-Learning,2,88,378.86000000000746,0.01952802359882014,51203.0,339.0
Q-Learning,2,89,386.69000000000744,0.03591743119266056,51421.0,218.0
Q-Learning,2,90,394.5300000000074,0.036129032258064527,51638.0,217.0
Q-Learning,2,91,397.1600000000075,0.003563685636856521,52376.0,738.0
Q-Learning,2,92,405.34000000000754,0.04469945355191256,52559.0,183.0
Q-Learning,2,93,413.65000000000754,0.04888235294117646,52729.0,170.0
Q-Learning,2,94,422.58000000000754,0.08268518518518518,52837.0,108.0
Q-Learning,2,95,431.52000000000754,0.08355140186915887,52944.0,107.0
Q-Learning,2,96,440.31000000000756,0.07204918032786885,53066.0,122.0
Q-Learning,2,97,444.0000000000077,0.0058386075949368515,53698.0,632.0
Q-Learning,2,98,449.8400000000077,0.01400479616306965,54115.0,417.0
Q-Learning,2,99,458.7000000000077,0.07704347826086956,54230.0,115.0
Q-Learning,3,0,-2.9999999999997673,-0.0023059185242119656,1301.0,1301.0
Q-Learning,3,1,-53.53999999999629,-0.00834682080924798,7356.0,6055.0
Q-Learning,3,2,-76.42999999999832,-0.006957446808511254,10646.0,3290.0
Q-Learning,3,3,-72.25999999999823,0.007140410958904247,11230.0,584.0
Q-Learning,3,4,-73.54999999999804,-0.0011415929203538087,12360.0,1130.0
Q-Learning,3,5,-73.79999999999787,-2.436647173487582E-4,13386.0,1026.0
Q-Learning,3,6,-82.08999999999793,-0.004530054644808775,15216.0,1830.0
Q-Learning,3,7,-79.24999999999783,0.003960948396094991,15933.0,717.0
Q-Learning,3,8,-78.84999999999766,4.162330905308639E-4,16894.0,961.0
Q-Learning,3,9,-86.03999999999755,-0.004180232558139469,18614.0,1720.0
Q-Learning,3,10,-81.34999999999748,0.00881578947368434,19146.0,532.0
Q-Learning,3,11,-88.16999999999732,-0.004052287581699245,20829.0,1683.0
Q-Learning,3,12,-97.03999999999746,-0.0046980932203390625,22717.0,1888.0
Q-Learning,3,13,-89.15999999999747,0.03699530516431925,22930.0,213.0
Q-Learning,3,14,-95.90999999999728,-0.004027446300715882,24606.0,1676.0
Q-Learning,3,15,-93.62999999999717,0.002949547218628875,25379.0,773.0
Q-Learning,3,16,-88.23999999999711,0.011666666666666783,25841.0,462.0
Q-Learning,3,17,-89.40999999999691,-0.0010465116279068036,26959.0,1118.0
Q-Learning,3,18,-84.02999999999686,0.011619870410367288,27422.0,463.0
Q-Learning,3,19,-81.22999999999675,0.003883495145631219,28143.0,721.0
Q-Learning,3,20,-74.05999999999673,0.025246478873239494,28427.0,284.0
Q-Learning,3,21,-73.73999999999657,3.302373581013023E-4,29396.0,969.0
Q-Learning,3,22,-71.61999999999645,0.0026869455006338703,30185.0,789.0
Q-Learning,3,23,-70.08999999999631,0.0018042452830190285,31033.0,848.0
Q-Learning,3,24,-66.16999999999622,0.006436781609195542,31642.0,609.0
Q-Learning,3,25,-59.1899999999962,0.023036303630363103,31945.0,303.0
Q-Learning,3,26,-52.579999999996176,0.019441176470588316,32285.0,340.0
Q-Learning,3,27,-48.91999999999609,0.005763779527559198,32920.0,635.0
Q-Learning,3,28,-43.19999999999604,0.013333333333333442,33349.0,429.0
Q-Learning,3,29,-35.869999999996026,0.027350746268656762,33617.0,268.0
Q-Learning,3,30,-27.659999999996025,0.04561111111111111,33797.0,180.0
Q-Learning,3,31,-22.78999999999596,0.009474708171206351,34311.0,514.0
Q-Learning,3,32,-19.129999999995867,0.005763779527559198,34946.0,635.0
Q-Learning,3,33,-11.689999999995857,0.02894941634241249,35203.0,257.0
Q-Learning,3,34,-4.55999999999584,0.0247569444444445,35491.0,288.0
Q-Learning,3,35,-0.10999999999576637,0.008003597122302291,36047.0,556.0
Q-Learning,3,36,6.700000000004257,0.021281250000000074,36367.0,320.0
Q-Learning,3,37,4.730000000004468,-0.001644407345575784,37565.0,1198.0
Q-Learning,3,38,12.460000000004472,0.033903508771929845,37793.0,228.0
Q-Learning,3,39,20.590000000004473,0.043244680851063824,37981.0,188.0
Q-Learning,3,40,28.18000000000448,0.03136363636363639,38223.0,242.0
Q-Learning,3,41,33.490000000004535,0.01129787234042565,38693.0,470.0
Q-Learning,3,42,42.210000000004534,0.06759689922480619,38822.0,129.0
Q-Learning,3,43,49.23000000000455,0.02347826086956528,39121.0,299.0
Q-Learning,3,44,55.25000000000459,0.015087719298245716,39520.0,399.0
Q-Learning,3,45,62.14000000000461,0.022083333333333403,39832.0,312.0
Q-Learning,3,46,69.61000000000462,0.029409448818897677,40086.0,254.0
Q-Learning,3,47,78.73000000000462,0.10247191011235954,40175.0,89.0
Q-Learning,3,48,87.11000000000462,0.05141104294478527,40338.0,163.0
Q-Learning,3,49,96.19000000000462,0.09763440860215054,40431.0,93.0
Q-Learning,3,50,104.66000000000462,0.05499999999999999,40585.0,154.0
Q-Learning,3,51,112.29000000000462,0.03205882352941179,40823.0,238.0
Q-Learning,3,52,114.41000000000474,0.0026869455006338703,41612.0,789.0
Q-Learning,3,53,122.71000000000474,0.04853801169590643,41783.0,171.0
Q-Learning,3,54,130.79000000000474,0.04186528497409325,41976.0,193.0
Q-Learning,3,55,137.79000000000477,0.023255813953488438,42277.0,301.0
Q-Learning,3,56,144.0400000000048,0.01662234042553201,42653.0,376.0
Q-Learning,3,57,150.41000000000483,0.017500000000000092,43017.0,364.0
Q-Learning,3,58,158.43000000000484,0.04030150753768843,43216.0,199.0
Q-Learning,3,59,166.88000000000483,0.05416666666666666,43372.0,156.0
Q-Learning,3,60,172.52000000000487,0.012906178489702628,43809.0,437.0
Q-Learning,3,61,180.38000000000488,0.036558139534883724,44024.0,215.0
Q-Learning,3,62,188.45000000000488,0.04159793814432989,44218.0,194.0
Q-Learning,3,63,190.96000000000498,0.00334666666666682,44968.0,750.0
Q-Learning,3,64,195.47000000000506,0.008200000000000133,45518.0,550.0
Q-Learning,3,65,203.58000000000504,0.04268421052631579,45708.0,190.0
Q-Learning,3,66,211.91000000000503,0.049583333333333326,45876.0,168.0
Q-Learning,3,67,218.62000000000506,0.02033333333333341,46206.0,330.0
Q-Learning,3,68,226.05000000000507,0.028798449612403142,46464.0,258.0
Q-Learning,3,69,233.54000000000508,0.029722222222222257,46716.0,252.0
Q-Learning,3,70,239.81000000000512,0.016764705882353036,47090.0,374.0
Q-Learning,3,71,246.50000000000514,0.020150602409638632,47422.0,332.0
Q-Learning,3,72,251.7100000000052,0.010854166666666786,47902.0,480.0
Q-Learning,3,73,260.06000000000523,0.05030120481927709,48068.0,166.0
Q-Learning,3,74,267.2000000000053,0.02487804878048786,48355.0,287.0
Q-Learning,3,75,273.8000000000053,0.0193548387096775,48696.0,341.0
Q-Learning,3,76,282.3400000000053,0.05809523809523809,48843.0,147.0
Q-Learning,3,77,287.41000000000537,0.010263157894736965,49337.0,494.0
Q-Learning,3,78,292.83000000000544,0.011808278867102513,49796.0,459.0
Q-Learning,3,79,297.7700000000055,0.009743589743589869,50303.0,507.0
Q-Learning,3,80,305.4900000000055,0.03371179039301312,50532.0,229.0
Q-Learning,3,81,312.90000000000555,0.028500000000000043,50792.0,260.0
Q-Learning,3,82,321.20000000000556,0.04853801169590643,50963.0,171.0
Q-Learning,3,83,330.16000000000554,0.08533333333333333,51068.0,105.0
Q-Learning,3,84,336.1000000000056,0.014594594594594699,51475.0,407.0
Q-Learning,3,85,343.6700000000056,0.031024590163934457,51719.0,244.0
Q-Learning,3,86,351.94000000000557,0.047528735632183905,51893.0,174.0
Q-Learning,3,87,360.65000000000555,0.06699999999999999,52023.0,130.0
Q-Learning,3,88,368.60000000000554,0.03859223300970874,52229.0,206.0
Q-Learning,3,89,377.8100000000055,0.11512499999999999,52309.0,80.0
Q-Learning,3,90,385.7500000000055,0.03835748792270531,52516.0,207.0
Q-Learning,3,91,393.6800000000055,0.038125,52724.0,208.0
Q-Learning,3,92,402.47000000000554,0.07204918032786885,52846.0,122.0
Q-Learning,3,93,410.07000000000556,0.031535269709543595,53087.0,241.0
Q-Learning,3,94,418.14000000000556,0.04159793814432989,53281.0,194.0
Q-Learning,3,95,426.96000000000555,0.07411764705882351,53400.0,119.0
Q-Learning,3,96,433.1600000000056,0.01627296587926519,53781.0,381.0
Q-Learning,3,97,439.9500000000056,0.021086956521739204,54103.0,322.0
Q-Learning,3,98,446.02000000000567,0.015406091370558475,54497.0,394.0
Q-Learning,3,99,454.3700000000057,0.05030120481927709,54663.0,166.0
Q-Learning,4,0,-35.5799999999995,-0.00780434305768798,4559.0,4559.0
Q-Learning,4,1,-34.71999999999935,9.39890710382678E-4,5474.0,915.0
Q-Learning,4,2,-57.220000000001455,-0.006920947400800401,8725.0,3251.0
Q-Learning,4,3,-58.690000000001255,-0.0012804878048778745,9873.0,1148.0
Q-Learning,4,4,-53.160000000001205,0.012343750000000113,10321.0,448.0
Q-Learning,4,5,-58.96000000000091,-0.003668564199873313,11902.0,1581.0
Q-Learning,4,6,-67.33000000000098,-0.004553862894450529,13740.0,1838.0
Q-Learning,4,7,-74.82000000000092,-0.004279999999999963,15490.0,1750.0
Q-Learning,4,8,-89.95000000000205,-0.00601829753381111,18004.0,2514.0
Q-Learning,4,9,-89.3500000000019,6.376195536664782E-4,18945.0,941.0
Q-Learning,4,10,-82.66000000000187,0.020150602409638632,19277.0,332.0
Q-Learning,4,11,-80.24000000000176,0.0031884057971016035,20036.0,759.0
Q-Learning,4,12,-78.95000000000161,0.0014793577981652996,20908.0,872.0
Q-Learning,4,13,-74.84000000000152,0.0069661016949153914,21498.0,590.0
Q-Learning,4,14,-80.56000000000124,-0.0036363636363634516,23071.0,1573.0
Q-Learning,4,15,-77.20000000000114,0.005052631578947514,23736.0,665.0
Q-Learning,4,16,-71.94000000000108,0.011073684210526435,24211.0,475.0
Q-Learning,4,17,-75.23000000000084,-0.0024736842105261363,25541.0,1330.0
Q-Learning,4,18,-68.84000000000081,0.01765193370165755,25903.0,362.0
Q-Learning,4,19,-66.77000000000069,0.0026070528967255978,26697.0,794.0
Q-Learning,4,20,-64.16000000000058,0.00352702702702718,27437.0,740.0
Q-Learning,4,21,-59.450000000000514,0.008886792452830318,27967.0,530.0
Q-Learning,4,22,-55.92000000000042,0.005447530864197675,28615.0,648.0
Q-Learning,4,23,-56.11000000000025,-1.8627450980375216E-4,29635.0,1020.0
Q-Learning,4,24,-58.16000000000004,-0.0016998341625205535,30841.0,1206.0
Q-Learning,4,25,-53.54999999999997,0.008537037037037168,31381.0,540.0
Q-Learning,4,26,-47.52999999999993,0.015087719298245716,31780.0,399.0
Q-Learning,4,27,-40.649999999999906,0.02198083067092659,32093.0,313.0
Q-Learning,4,28,-40.70999999999974,-5.958291956288974E-5,33100.0,1007.0
Q-Learning,4,29,-35.329999999999686,0.011619870410367288,33563.0,463.0
Q-Learning,4,30,-29.789999999999637,0.012393736017897205,34010.0,447.0
Q-Learning,4,31,-24.449999999999584,0.011434689507494765,34477.0,467.0
Q-Learning,4,32,-28.799999999999322,-0.0030292479108633276,35913.0,1436.0
Q-Learning,4,33,-21.749999999999304,0.02381756756756763,36209.0,296.0
Q-Learning,4,34,-15.85999999999926,0.014296116504854474,36621.0,412.0
Q-Learning,4,35,-8.87999999999924,0.023036303630363103,36924.0,303.0
Q-Learning,4,36,-1.5099999999992288,0.02791666666666671,37188.0,264.0
Q-Learning,4,37,4.780000000000806,0.016908602150537726,37560.0,372.0
Q-Learning,4,38,10.63000000000085,0.014062500000000106,37976.0,416.0
Q-Learning,4,39,9.13000000000105,-0.0013032145960033008,39127.0,1151.0
Q-Learning,4,40,15.580000000001082,0.018117977528089975,39483.0,356.0
Q-Learning,4,41,20.020000000001154,0.00797127468581701,40040.0,557.0
Q-Learning,4,42,27.26000000000117,0.02613718411552352,40317.0,277.0
Q-Learning,4,43,35.17000000000117,0.03766666666666667,40527.0,210.0
Q-Learning,4,44,42.290000000001186,0.0246366782006921,40816.0,289.0
Q-Learning,4,45,49.450000000001204,0.025122807017543915,41101.0,285.0
Q-Learning,4,46,54.10000000000127,0.008675373134328488,41637.0,536.0
Q-Learning,4,47,58.65000000000134,0.008333333333333465,42183.0,546.0
Q-Learning,4,48,66.67000000000134,0.04030150753768843,42382.0,199.0
Q-Learning,4,49,71.3800000000014,0.008886792452830318,42912.0,530.0
Q-Learning,4,50,78.78000000000141,0.028352490421455982,43173.0,261.0
Q-Learning,4,51,87.07000000000141,0.04819767441860465,43345.0,172.0
Q-Learning,4,52,93.49000000000144,0.01788300835654605,43704.0,359.0
Q-Learning,4,53,100.36000000000146,0.021878980891719815,44018.0,314.0
Q-Learning,4,54,105.01000000000153,0.008675373134328488,44554.0,536.0
Q-Learning,4,55,111.89000000000155,0.02198083067092659,44867.0,313.0
Q-Learning,4,56,120.32000000000156,0.05335443037974683,45025.0,158.0
Q-Learning,4,57,126.8100000000016,0.018437500000000086,45377.0,352.0
Q-Learning,4,58,134.2400000000016,0.028798449612403142,45635.0,258.0
Q-Learning,4,59,138.72000000000168,0.008101265822784942,46188.0,553.0
Q-Learning,4,60,145.3100000000017,0.0192690058479533,46530.0,342.0
Q-Learning,4,61,149.87000000000177,0.008366972477064352,47075.0,545.0
Q-Learning,4,62,157.66000000000176,0.0350900900900901,47297.0,222.0
Q-Learning,4,63,165.16000000000176,0.02988047808764944,47548.0,251.0
Q-Learning,4,64,171.5500000000018,0.01765193370165755,47910.0,362.0
Q-Learning,4,65,178.7000000000018,0.025000000000000057,48196.0,286.0
Q-Learning,4,66,186.43000000000183,0.033903508771929845,48424.0,228.0
Q-Learning,4,67,195.50000000000182,0.09648936170212766,48518.0,94.0
Q-Learning,4,68,203.19000000000182,0.033146551724137954,48750.0,232.0
Q-Learning,4,69,208.97000000000187,0.013664302600472921,49173.0,423.0
Q-Learning,4,70,216.94000000000187,0.03906862745098039,49377.0,204.0
Q-Learning,4,71,225.32000000000187,0.05141104294478527,49540.0,163.0
Q-Learning,4,72,231.8400000000019,0.018681948424068853,49889.0,349.0
Q-Learning,4,73,238.35000000000193,0.018600000000000085,50239.0,350.0
Q-Learning,4,74,245.95000000000192,0.031535269709543595,50480.0,241.0
Q-Learning,4,75,253.39000000000192,0.02894941634241249,50737.0,257.0
Q-Learning,4,76,261.56000000000193,0.04440217391304347,50921.0,184.0
Q-Learning,4,77,266.540000000002,0.009900596421471298,51424.0,503.0
Q-Learning,4,78,273.68000000000205,0.02487804878048786,51711.0,287.0
Q-Learning,4,79,281.7800000000021,0.04240837696335077,51902.0,191.0
Q-Learning,4,80,289.9600000000021,0.04469945355191256,52085.0,183.0
Q-Learning,4,81,298.5300000000021,0.05951388888888888,52229.0,144.0
Q-Learning,4,82,306.86000000000206,0.049583333333333326,52397.0,168.0
Q-Learning,4,83,314.3400000000021,0.029565217391304386,52650.0,253.0
Q-Learning,4,84,323.0100000000021,0.06470149253731342,52784.0,134.0
Q-Learning,4,85,331.5500000000021,0.05809523809523809,52931.0,147.0
Q-Learning,4,86,340.15000000000214,0.06099290780141844,53072.0,141.0
Q-Learning,4,87,347.01000000000215,0.02177777777777785,53387.0,315.0
Q-Learning,4,88,355.43000000000217,0.05295597484276728,53546.0,159.0
Q-Learning,4,89,363.77000000000214,0.04994011976047903,53713.0,167.0
Q-Learning,4,90,371.68000000000217,0.03766666666666667,53923.0,210.0
Q-Learning,4,91,380.25000000000216,0.05951388888888888,54067.0,144.0
Q-Learning,4,92,388.09000000000214,0.036129032258064527,54284.0,217.0
Q-Learning,4,93,393.5900000000022,0.012195121951219627,54735.0,451.0
Q-Learning,4,94,402.12000000000216,0.05763513513513513,54883.0,148.0
Q-Learning,4,95,409.9800000000022,0.036558139534883724,55098.0,215.0
Q-Learning,4,96,418.6400000000022,0.06414814814814813,55233.0,135.0
Q-Learning,4,97,427.2000000000022,0.05903448275862068,55378.0,145.0
Q-Learning,4,98,436.1500000000022,0.08443396226415094,55484.0,106.0
Q-Learning,4,99,441.71000000000225,0.012494382022472023,55929.0,445.0
Q-Learning,5,0,-98.67000000001869,-0.009078947368422772,10868.0,10868.0
Q-Learning,5,1,-116.69000000002026,-0.006428826257581727,13671.0,2803.0
Q-Learning,5,2,-125.5000000000204,-0.004681190223166919,15553.0,1882.0
Q-Learning,5,3,-127.95000000002018,-0.0019662921348312834,16799.0,1246.0
Q-Learning,5,4,-171.14000000001818,-0.0081184210526312,22119.0,5320.0
Q-Learning,5,5,-167.0400000000181,0.0069373942470390545,22710.0,591.0
Q-Learning,5,6,-165.98000000001795,0.0011843575418996046,23605.0,895.0
Q-Learning,5,7,-166.62000000001777,-6.00938967135979E-4,24670.0,1065.0
Q-Learning,5,8,-163.95000000001767,0.0036376021798366644,25404.0,734.0
Q-Learning,5,9,-163.9500000000175,1.685853144285952E-16,26405.0,1001.0
Q-Learning,5,10,-158.71000000001743,0.010985324947589218,26882.0,477.0
Q-Learning,5,11,-150.89000000001744,0.03570776255707764,27101.0,219.0
Q-Learning,5,12,-150.06000000001728,9.041394335513628E-4,28019.0,918.0
Q-Learning,5,13,-145.79000000001722,0.007439024390244038,28593.0,574.0
Q-Learning,5,14,-141.80000000001712,0.006627906976744325,29195.0,602.0
Q-Learning,5,15,-139.140000000017,0.0036190476190477716,29930.0,735.0
Q-Learning,5,16,-137.96000000001686,0.0013363533408835148,30813.0,883.0
Q-Learning,5,17,-141.72000000001663,-0.002730573710965687,32190.0,1377.0
Q-Learning,5,18,-141.48000000001647,2.456499488230948E-4,33167.0,977.0
Q-Learning,5,19,-134.64000000001644,0.02157728706624613,33484.0,317.0
Q-Learning,5,20,-131.40000000001635,0.004785819793205465,34161.0,677.0
Q-Learning,5,21,-124.39000000001633,0.02336666666666673,34461.0,300.0
Q-Learning,5,22,-116.55000000001633,0.036129032258064527,34678.0,217.0
Q-Learning,5,23,-110.88000000001628,0.013064516129032368,35112.0,434.0
Q-Learning,5,24,-108.39000000001616,0.003311170212766111,35864.0,752.0
Q-Learning,5,25,-100.81000000001615,0.03119341563786011,36107.0,243.0
Q-Learning,5,26,-93.11000000001614,0.033333333333333354,36338.0,231.0
Q-Learning,5,27,-88.80000000001607,0.007561403508772065,36908.0,570.0
Q-Learning,5,28,-83.54000000001601,0.011073684210526435,37383.0,475.0
Q-Learning,5,29,-75.730000000016,0.03550000000000001,37603.0,220.0
Q-Learning,5,30,-69.59000000001596,0.0158656330749355,37990.0,387.0
Q-Learning,5,31,-63.120000000015935,0.018276836158192176,38344.0,354.0
Q-Learning,5,32,-57.68000000001588,0.011903719912472762,38801.0,457.0
Q-Learning,5,33,-49.98000000001588,0.033333333333333354,39032.0,231.0
Q-Learning,5,34,-42.70000000001586,0.026666666666666717,39305.0,273.0
Q-Learning,5,35,-34.83000000001586,0.03677570093457944,39519.0,214.0
Q-Learning,5,36,-29.370000000015807,0.012000000000000115,39974.0,455.0
Q-Learning,5,37,-21.190000000015807,0.04469945355191256,40157.0,183.0
Q-Learning,5,38,-13.840000000015795,0.027631578947368465,40423.0,266.0
Q-Learning,5,39,-6.730000000015778,0.024517241379310405,40713.0,290.0
Q-Learning,5,40,0.9599999999842268,0.033146551724137954,40945.0,232.0
Q-Learning,5,41,8.27999999998424,0.027211895910780718,41214.0,269.0
Q-Learning,5,42,17.099999999984238,0.07411764705882351,41333.0,119.0
Q-Learning,5,43,25.609999999984236,0.05673333333333332,41483.0,150.0
Q-Learning,5,44,33.49999999998424,0.03721698113207547,41695.0,212.0
Q-Learning,5,45,36.86999999998434,0.005075301204819423,42359.0,664.0
Q-Learning,5,46,40.609999999984424,0.005964912280701897,42986.0,627.0
Q-Learning,5,47,48.609999999984424,0.039800995024875614,43187.0,201.0
Q-Learning,5,48,56.859999999984424,0.04687499999999999,43363.0,176.0
Q-Learning,5,49,63.57999999998445,0.020425531914893696,43692.0,329.0
Q-Learning,5,50,69.4999999999845,0.014474327628361962,44101.0,409.0
Q-Learning,5,51,77.0999999999845,0.031535269709543595,44342.0,241.0
Q-Learning,5,52,80.2099999999846,0.004507246376811743,45032.0,690.0
Q-Learning,5,53,84.73999999998468,0.008266423357664365,45580.0,548.0
Q-Learning,5,54,92.95999999998467,0.0459217877094972,45759.0,179.0
Q-Learning,5,55,99.7899999999847,0.02147798742138372,46077.0,318.0
Q-Learning,5,56,107.9599999999847,0.04440217391304347,46261.0,184.0
Q-Learning,5,57,116.0899999999847,0.043244680851063824,46449.0,188.0
Q-Learning,5,58,124.0899999999847,0.039800995024875614,46650.0,201.0
Q-Learning,5,59,132.5299999999847,0.05375796178343949,46807.0,157.0
Q-Learning,5,60,140.48999999998472,0.03882926829268292,47012.0,205.0
Q-Learning,5,61,147.22999999998476,0.02061162079510711,47339.0,327.0
Q-Learning,5,62,153.2099999999848,0.014838709677419458,47742.0,403.0
Q-Learning,5,63,161.3299999999848,0.04296296296296296,47931.0,189.0
Q-Learning,5,64,169.9099999999848,0.05999999999999999,48074.0,143.0
Q-Learning,5,65,175.41999999998484,0.012244444444444558,48524.0,450.0
Q-Learning,5,66,181.37999999998488,0.014716049382716152,48929.0,405.0
Q-Learning,5,67,189.59999999998487,0.0459217877094972,49108.0,179.0
Q-Learning,5,68,195.50999999998493,0.014414634146341568,49518.0,410.0
Q-Learning,5,69,203.13999999998492,0.03205882352941179,49756.0,238.0
Q-Learning,5,70,211.16999999998492,0.040555555555555546,49954.0,198.0
Q-Learning,5,71,219.48999999998492,0.049230769230769224,50123.0,169.0
Q-Learning,5,72,226.05999999998494,0.01909883720930241,50467.0,344.0
Q-Learning,5,73,232.28999999998499,0.016481481481481576,50845.0,378.0
Q-Learning,5,74,240.82999999998498,0.05809523809523809,50992.0,147.0
Q-Learning,5,75,249.189999999985,0.050666666666666665,51157.0,165.0
Q-Learning,5,76,257.21999999998496,0.040555555555555546,51355.0,198.0
Q-Learning,5,77,265.449999999985,0.046235955056179764,51533.0,178.0
Q-Learning,5,78,274.21999999998496,0.0707258064516129,51657.0,124.0
Q-Learning,5,79,282.74999999998494,0.05763513513513513,51805.0,148.0
Q-Learning,5,80,291.17999999998494,0.05335443037974683,51963.0,158.0
Q-Learning,5,81,299.58999999998497,0.05256249999999999,52123.0,160.0
Q-Learning,5,82,306.289999999985,0.02024169184290038,52454.0,331.0
Q-Learning,5,83,313.56999999998504,0.026666666666666717,52727.0,273.0
Q-Learning,5,84,321.50999999998504,0.03835748792270531,52934.0,207.0
Q-Learning,5,85,329.93999999998505,0.05335443037974683,53092.0,158.0
Q-Learning,5,86,338.57999999998503,0.06306569343065692,53229.0,137.0
Q-Learning,5,87,347.219999999985,0.06306569343065692,53366.0,137.0
Q-Learning,5,88,354.31999999998504,0.024398625429553324,53657.0,291.0
Q-Learning,5,89,361.1399999999851,0.021379310344827658,53976.0,319.0
Q-Learning,5,90,365.63999999998515,0.008166969147005577,54527.0,551.0
Q-Learning,5,91,373.90999999998513,0.047528735632183905,54701.0,174.0
Q-Learning,5,92,376.46999999998525,0.0034362416107384082,55446.0,745.0
Q-Learning,5,93,383.6799999999853,0.025750000000000054,55726.0,280.0
Q-Learning,5,94,392.3599999999853,0.06526315789473684,55859.0,133.0
Q-Learning,5,95,400.0899999999853,0.033903508771929845,56087.0,228.0
Q-Learning,5,96,408.0499999999853,0.03882926829268292,56292.0,205.0
Q-Learning,5,97,416.8799999999853,0.07483050847457626,56410.0,118.0
Q-Learning,5,98,423.7999999999853,0.02239482200647256,56719.0,309.0
Q-Learning,5,99,429.33999999998537,0.012393736017897205,57166.0,447.0
Q-Learning,6,0,-19.600000000001828,-0.006619385342790216,2961.0,2961.0
Q-Learning,6,1,-65.3899999999993,-0.008206093189963704,8541.0,5580.0
Q-Learning,6,2,-71.54999999999903,-0.0038095238095236404,10158.0,1617.0
Q-Learning,6,3,-75.84999999999877,-0.003004891684136785,11589.0,1431.0
Q-Learning,6,4,-97.3300000000009,-0.006821213083519251,14738.0,3149.0
Q-Learning,6,5,-96.53000000000074,8.686210640609682E-4,15659.0,921.0
Q-Learning,6,6,-98.86000000000053,-0.0018881685575362897,16893.0,1234.0
Q-Learning,6,7,-102.32000000000028,-0.002568671121009471,18240.0,1347.0
Q-Learning,6,8,-113.96000000000086,-0.005376443418014126,20405.0,2165.0
Q-Learning,6,9,-121.10000000000073,-0.0041632653061223785,22120.0,1715.0
Q-Learning,6,10,-124.54000000000049,-0.002557620817843686,23465.0,1345.0
Q-Learning,6,11,-134.3200000000008,-0.004941889843355377,25444.0,1979.0
Q-Learning,6,12,-134.3000000000006,2.0020020020188515E-5,26443.0,999.0
Q-Learning,6,13,-131.91000000000048,0.0031364829396327005,27205.0,762.0
Q-Learning,6,14,-127.07000000000042,0.009361702127659702,27722.0,517.0
Q-Learning,6,15,-120.77000000000038,0.01698113207547179,28093.0,371.0
Q-Learning,6,16,-113.50000000000037,0.026532846715328517,28367.0,274.0
Q-Learning,6,17,-108.4500000000003,0.010181451612903349,28863.0,496.0
Q-Learning,6,18,-102.34000000000026,0.015666666666666766,29253.0,390.0
Q-Learning,6,19,-95.65000000000023,0.020150602409638632,29585.0,332.0
Q-Learning,6,20,-88.04000000000022,0.03170833333333336,29825.0,240.0
Q-Learning,6,21,-86.51000000000008,0.0018042452830190285,30673.0,848.0
Q-Learning,6,22,-86.21999999999991,2.9835390946518785E-4,31645.0,972.0
Q-Learning,6,23,-84.82999999999977,0.001612529002320347,32507.0,862.0
Q-Learning,6,24,-82.57999999999964,0.00289948453608263,33283.0,776.0
Q-Learning,6,25,-76.9399999999996,0.012906178489702628,33720.0,437.0
Q-Learning,6,26,-69.3199999999996,0.03188284518828455,33959.0,239.0
Q-Learning,6,27,-66.93999999999947,0.003119266055046026,34722.0,763.0
Q-Learning,6,28,-59.299999999999464,0.03223628691983125,34959.0,237.0
Q-Learning,6,29,-56.78999999999935,0.00334666666666682,35709.0,750.0
Q-Learning,6,30,-51.2599999999993,0.012343750000000113,36157.0,448.0
Q-Learning,6,31,-46.519999999999236,0.008994307400379636,36684.0,527.0
Q-Learning,6,32,-40.949999999999186,0.012545045045045158,37128.0,444.0
Q-Learning,6,33,-34.22999999999916,0.020425531914893696,37457.0,329.0
Q-Learning,6,34,-27.20999999999914,0.02347826086956528,37756.0,299.0
Q-Learning,6,35,-18.859999999999143,0.05030120481927709,37922.0,166.0
Q-Learning,6,36,-10.299999999999145,0.05903448275862068,38067.0,145.0
Q-Learning,6,37,-4.859999999999092,0.011903719912472762,38524.0,457.0
Q-Learning,6,38,-5.419999999998911,-5.298013245031403E-4,39581.0,1057.0
Q-Learning,6,39,3.040000000001088,0.05458064516129032,39736.0,155.0
Q-Learning,6,40,8.98000000000113,0.014594594594594699,40143.0,407.0
Q-Learning,6,41,17.240000000001128,0.04719999999999999,40318.0,175.0
Q-Learning,6,42,24.420000000001146,0.025371024734982386,40601.0,283.0
Q-Learning,6,43,30.430000000001186,0.0150250000000001,41001.0,400.0
Q-Learning,6,44,35.95000000000124,0.012293986636971161,41450.0,449.0
Q-Learning,6,45,42.750000000001265,0.021183800623053032,41771.0,321.0
Q-Learning,6,46,51.280000000001266,0.05763513513513513,41919.0,148.0
Q-Learning,6,47,58.98000000000127,0.033333333333333354,42150.0,231.0
Q-Learning,6,48,66.92000000000127,0.03835748792270531,42357.0,207.0
Q-Learning,6,49,74.74000000000127,0.03570776255707764,42576.0,219.0
Q-Learning,6,50,83.47000000000128,0.06820312499999999,42704.0,128.0
Q-Learning,6,51,91.16000000000128,0.033146551724137954,42936.0,232.0
Q-Learning,6,52,100.07000000000127,0.081,43046.0,110.0
Q-Learning,6,53,105.32000000000133,0.011029411764706001,43522.0,476.0
Q-Learning,6,54,113.36000000000132,0.04081218274111675,43719.0,197.0
Q-Learning,6,55,118.48000000000138,0.010470347648261881,44208.0,489.0
Q-Learning,6,56,124.30000000000143,0.013890214797136145,44627.0,419.0
Q-Learning,6,57,132.37000000000143,0.04159793814432989,44821.0,194.0
Q-Learning,6,58,140.17000000000144,0.03529411764705884,45042.0,221.0
Q-Learning,6,59,148.44000000000145,0.047528735632183905,45216.0,174.0
Q-Learning,6,60,154.12000000000148,0.013117782909930827,45649.0,433.0
Q-Learning,6,61,161.90000000000148,0.03488789237668163,45872.0,223.0
Q-Learning,6,62,170.34000000000148,0.05375796178343949,46029.0,157.0
Q-Learning,6,63,178.73000000000147,0.05179012345679011,46191.0,162.0
Q-Learning,6,64,182.92000000000155,0.007199312714776768,46773.0,582.0
Q-Learning,6,65,190.19000000000156,0.026532846715328517,47047.0,274.0
Q-Learning,6,66,197.89000000000158,0.033333333333333354,47278.0,231.0
Q-Learning,6,67,204.31000000000162,0.01788300835654605,47637.0,359.0
Q-Learning,6,68,212.53000000000162,0.0459217877094972,47816.0,179.0
Q-Learning,6,69,218.82000000000164,0.016908602150537726,48188.0,372.0
Q-Learning,6,70,226.99000000000163,0.04440217391304347,48372.0,184.0
Q-Learning,6,71,234.89000000000163,0.03744075829383887,48583.0,211.0
Q-Learning,6,72,243.23000000000164,0.04994011976047903,48750.0,167.0
Q-Learning,6,73,250.46000000000166,0.02600719424460437,49028.0,278.0
Q-Learning,6,74,258.44000000000165,0.0393103448275862,49231.0,203.0
Q-Learning,6,75,266.79000000000167,0.05030120481927709,49397.0,166.0
Q-Learning,6,76,274.1900000000017,0.028352490421455982,49658.0,261.0
Q-Learning,6,77,278.93000000000177,0.008994307400379636,50185.0,527.0
Q-Learning,6,78,287.7300000000018,0.07272727272727272,50306.0,121.0
Q-Learning,6,79,296.3600000000018,0.06253623188405796,50444.0,138.0
Q-Learning,6,80,304.38000000000176,0.04030150753768843,50643.0,199.0
Q-Learning,6,81,311.5300000000018,0.025000000000000057,50929.0,286.0
Q-Learning,6,82,317.54000000000184,0.0150250000000001,51329.0,400.0
Q-Learning,6,83,323.7400000000019,0.01627296587926519,51710.0,381.0
Q-Learning,6,84,331.0800000000019,0.027490636704119897,51977.0,267.0
Q-Learning,6,85,339.74000000000194,0.06414814814814813,52112.0,135.0
Q-Learning,6,86,347.91000000000196,0.04440217391304347,52296.0,184.0
Q-Learning,6,87,356.05000000000194,0.04352941176470588,52483.0,187.0
Q-Learning,6,88,364.75000000000193,0.06641221374045801,52614.0,131.0
Q-Learning,6,89,372.4000000000019,0.03241525423728816,52850.0,236.0
Q-Learning,6,90,381.2900000000019,0.07937499999999999,52962.0,112.0
Q-Learning,6,91,389.2100000000019,0.037894736842105266,53171.0,209.0
Q-Learning,6,92,396.2800000000019,0.02404761904761911,53465.0,294.0
Q-Learning,6,93,404.5300000000019,0.04687499999999999,53641.0,176.0
Q-Learning,6,94,413.5600000000019,0.09214285714285714,53739.0,98.0
Q-Learning,6,95,422.1100000000019,0.058561643835616434,53885.0,146.0
Q-Learning,6,96,430.26000000000187,0.04381720430107526,54071.0,186.0
Q-Learning,6,97,438.5600000000019,0.04853801169590643,54242.0,171.0
Q-Learning,6,98,447.88000000000187,0.13507246376811594,54311.0,69.0
Q-Learning,6,99,455.0200000000019,0.02487804878048786,54598.0,287.0
Q-Learning,7,0,-12.340000000000693,-0.005521252796420892,2235.0,2235.0
Q-Learning,7,1,-15.200000000000463,-0.0022222222222220435,3522.0,1287.0
Q-Learning,7,2,-21.06000000000017,-0.0036925015752991217,5109.0,1587.0
Q-Learning,7,3,-39.960000000001884,-0.00653753026634442,8000.0,2891.0
Q-Learning,7,4,-39.24000000000173,7.750269106567852E-4,8929.0,929.0
Q-Learning,7,5,-53.250000000002686,-0.005832639467111138,11331.0,2402.0
Q-Learning,7,6,-48.610000000002614,0.008640595903165866,11868.0,537.0
Q-Learning,7,7,-71.68000000000461,-0.006974002418380287,15176.0,3308.0
Q-Learning,7,8,-74.72000000000438,-0.0023295019157086334,16481.0,1305.0
Q-Learning,7,9,-69.91000000000432,0.009250000000000128,17001.0,520.0
Q-Learning,7,10,-74.27000000000406,-0.003034098816979637,18438.0,1437.0
Q-Learning,7,11,-74.43000000000389,-1.5732546705981104E-4,19455.0,1017.0
Q-Learning,7,12,-74.95000000000371,-4.938271604936564E-4,20508.0,1053.0
Q-Learning,7,13,-95.5700000000057,-0.006731962128632709,23571.0,3063.0
Q-Learning,7,14,-89.80000000000567,0.013608490566037844,23995.0,424.0
Q-Learning,7,15,-83.44000000000564,0.017424657534246667,24360.0,365.0
Q-Learning,7,16,-79.53000000000556,0.00640983606557391,24970.0,610.0
Q-Learning,7,17,-78.15000000000542,0.00159907300115891,25833.0,863.0
Q-Learning,7,18,-76.23000000000529,0.0023733003708283408,26642.0,809.0
Q-Learning,7,19,-69.83000000000526,0.017728531855955767,27003.0,361.0
Q-Learning,7,20,-65.30000000000518,0.008266423357664365,27551.0,548.0
Q-Learning,7,21,-63.22000000000506,0.002622950819672288,28344.0,793.0
Q-Learning,7,22,-60.51000000000495,0.00371232876712344,29074.0,730.0
Q-Learning,7,23,-53.960000000004925,0.018930635838150373,29420.0,346.0
Q-Learning,7,24,-47.570000000004896,0.01765193370165755,29782.0,362.0
Q-Learning,7,25,-40.420000000004876,0.025000000000000057,30068.0,286.0
Q-Learning,7,26,-37.760000000004766,0.0036190476190477716,30803.0,735.0
Q-Learning,7,27,-32.630000000004706,0.010512295081967335,31291.0,488.0
Q-Learning,7,28,-26.45000000000467,0.01613577023498704,31674.0,383.0
Q-Learning,7,29,-23.540000000004564,0.004098591549295925,32384.0,710.0
Q-Learning,7,30,-18.140000000004513,0.011713665943600984,32845.0,461.0
Q-Learning,7,31,-12.000000000004475,0.0158656330749355,33232.0,387.0
Q-Learning,7,32,-10.560000000004337,0.0016802800466746068,34089.0,857.0
Q-Learning,7,33,-4.550000000004296,0.0150250000000001,34489.0,400.0
Q-Learning,7,34,-3.8700000000041417,7.288317256164569E-4,35422.0,933.0
Q-Learning,7,35,2.939999999995882,0.021281250000000074,35742.0,320.0
Q-Learning,7,36,7.289999999995958,0.007685512367491301,36308.0,566.0
Q-Learning,7,37,15.479999999995956,0.044999999999999984,36490.0,182.0
Q-Learning,7,38,22.969999999995963,0.029722222222222257,36742.0,252.0
Q-Learning,7,39,31.37999999999596,0.05256249999999999,36902.0,160.0
Q-Learning,7,40,39.539999999995956,0.0441081081081081,37087.0,185.0
Q-Learning,7,41,45.779999999995994,0.01655172413793113,37464.0,377.0
Q-Learning,7,42,48.399999999996105,0.003545331529093522,38203.0,739.0
Q-Learning,7,43,56.12999999999611,0.033903508771929845,38431.0,228.0
Q-Learning,7,44,62.889999999996135,0.020800000000000075,38756.0,325.0
Q-Learning,7,45,70.32999999999615,0.02894941634241249,39013.0,257.0
Q-Learning,7,46,79.02999999999615,0.06641221374045801,39144.0,131.0
Q-Learning,7,47,86.76999999999616,0.034096916299559486,39371.0,227.0
Q-Learning,7,48,94.65999999999616,0.03721698113207547,39583.0,212.0
Q-Learning,7,49,101.53999999999618,0.02198083067092659,39896.0,313.0
Q-Learning,7,50,106.81999999999624,0.011162790697674537,40369.0,473.0
Q-Learning,7,51,111.83999999999631,0.010060120240481085,40868.0,499.0
Q-Learning,7,52,116.80999999999636,0.009861111111111235,41372.0,504.0
Q-Learning,7,53,121.89999999999642,0.010345528455284676,41864.0,492.0
Q-Learning,7,54,128.99999999999645,0.024398625429553324,42155.0,291.0
Q-Learning,7,55,136.21999999999647,0.025878136200716897,42434.0,279.0
Q-Learning,7,56,142.6899999999965,0.018276836158192176,42788.0,354.0
Q-Learning,7,57,150.38999999999652,0.033333333333333354,43019.0,231.0
Q-Learning,7,58,158.2799999999965,0.03721698113207547,43231.0,212.0
Q-Learning,7,59,166.1999999999965,0.037894736842105266,43440.0,209.0
Q-Learning,7,60,173.4799999999965,0.026666666666666717,43713.0,273.0
Q-Learning,7,61,179.52999999999653,0.015277777777777878,44109.0,396.0
Q-Learning,7,62,187.86999999999654,0.04994011976047903,44276.0,167.0
Q-Learning,7,63,195.68999999999653,0.03570776255707764,44495.0,219.0
Q-Learning,7,64,203.23999999999654,0.03069105691056914,44741.0,246.0
Q-Learning,7,65,212.19999999999655,0.08533333333333333,44846.0,105.0
Q-Learning,7,66,220.36999999999654,0.04440217391304347,45030.0,184.0
Q-Learning,7,67,223.66999999999663,0.004918032786885393,45701.0,671.0
Q-Learning,7,68,229.24999999999667,0.012595936794582506,46144.0,443.0
Q-Learning,7,69,238.11999999999668,0.07780701754385964,46258.0,114.0
Q-Learning,7,70,245.3299999999967,0.025750000000000054,46538.0,280.0
Q-Learning,7,71,249.36999999999676,0.006767169179229619,47135.0,597.0
Q-Learning,7,72,255.1999999999968,0.013947368421052738,47553.0,418.0
Q-Learning,7,73,257.35999999999694,0.0027515923566880543,48338.0,785.0
Q-Learning,7,74,265.8199999999969,0.05458064516129032,48493.0,155.0
Q-Learning,7,75,272.5699999999969,0.020705521472392713,48819.0,326.0
Q-Learning,7,76,279.8999999999969,0.027350746268656762,49087.0,268.0
Q-Learning,7,77,287.2699999999969,0.02791666666666671,49351.0,264.0
Q-Learning,7,78,295.6099999999969,0.04994011976047903,49518.0,167.0
Q-Learning,7,79,303.75999999999686,0.04381720430107526,49704.0,186.0
Q-Learning,7,80,310.75999999999686,0.023255813953488438,50005.0,301.0
Q-Learning,7,81,318.6799999999969,0.037894736842105266,50214.0,209.0
Q-Learning,7,82,326.8699999999969,0.044999999999999984,50396.0,182.0
Q-Learning,7,83,334.4899999999969,0.03188284518828455,50635.0,239.0
Q-Learning,7,84,343.12999999999687,0.06306569343065692,50772.0,137.0
Q-Learning,7,85,350.4099999999969,0.026666666666666717,51045.0,273.0
Q-Learning,7,86,359.1499999999969,0.06881889763779526,51172.0,127.0
Q-Learning,7,87,368.1599999999969,0.0901,51272.0,100.0
Q-Learning,7,88,375.6799999999969,0.03020080321285144,51521.0,249.0
Q-Learning,7,89,384.4999999999969,0.07411764705882351,51640.0,119.0
Q-Learning,7,90,391.3399999999969,0.02157728706624613,51957.0,317.0
Q-Learning,7,91,399.4899999999969,0.04381720430107526,52143.0,186.0
Q-Learning,7,92,407.43999999999687,0.03859223300970874,52349.0,206.0
Q-Learning,7,93,415.95999999999685,0.05718120805369127,52498.0,149.0
Q-Learning,7,94,424.07999999999686,0.04296296296296296,52687.0,189.0
Q-Learning,7,95,431.75999999999686,0.03296137339055796,52920.0,233.0
Q-Learning,7,96,439.4999999999969,0.034096916299559486,53147.0,227.0
Q-Learning,7,97,448.33999999999685,0.07555555555555556,53264.0,117.0
Q-Learning,7,98,455.6099999999969,0.026532846715328517,53538.0,274.0
Q-Learning,7,99,464.0999999999969,0.05585526315789473,53690.0,152.0
Q-Learning,8,0,3.9000000000000856,0.0063829787234043955,611.0,611.0
Q-Learning,8,1,-29.229999999999905,-0.007679647658785347,4925.0,4314.0
Q-Learning,8,2,-40.75000000000047,-0.00535067347886696,7078.0,2153.0
Q-Learning,8,3,-52.500000000001066,-0.005399816176470864,9254.0,2176.0
Q-Learning,8,4,-52.3400000000009,1.624365482235181E-4,10239.0,985.0
Q-Learning,8,5,-45.18000000000088,0.025122807017543915,10524.0,285.0
Q-Learning,8,6,-57.430000000001556,-0.005503144654088355,12750.0,2226.0
Q-Learning,8,7,-56.02000000000142,0.0016395348837210915,13610.0,860.0
Q-Learning,8,8,-66.3900000000018,-0.005088321884200385,15648.0,2038.0
Q-Learning,8,9,-75.510000000002,-0.004767381076842755,17561.0,1913.0
Q-Learning,8,10,-86.55000000000248,-0.005244655581947976,19666.0,2105.0
Q-Learning,8,11,-99.25000000000324,-0.005592250110083993,21937.0,2271.0
Q-Learning,8,12,-103.51000000000298,-0.0029852838121932307,23364.0,1427.0
Q-Learning,8,13,-95.87000000000297,0.03223628691983125,23601.0,237.0
Q-Learning,8,14,-92.96000000000286,0.004098591549295925,24311.0,710.0
Q-Learning,8,15,-86.30000000000284,0.019880597014925453,24646.0,335.0
Q-Learning,8,16,-80.13000000000281,0.01606770833333343,25030.0,384.0
Q-Learning,8,17,-75.30000000000274,0.009324324324324451,25548.0,518.0
Q-Learning,8,18,-69.10000000000271,0.01627296587926519,25929.0,381.0
Q-Learning,8,19,-62.03000000000269,0.02404761904761911,26223.0,294.0
Q-Learning,8,20,-57.720000000002614,0.007561403508772065,26793.0,570.0
Q-Learning,8,21,-53.89000000000253,0.006197411003236387,27411.0,618.0
Q-Learning,8,22,-50.15000000000244,0.005964912280701897,28038.0,627.0
Q-Learning,8,23,-45.33000000000238,0.009287090558766987,28557.0,519.0
Q-Learning,8,24,-39.18000000000234,0.01593264248704673,28943.0,386.0
Q-Learning,8,25,-31.850000000002325,0.027350746268656762,29211.0,268.0
Q-Learning,8,26,-28.38000000000223,0.005305810397553662,29865.0,654.0
Q-Learning,8,27,-22.77000000000218,0.012750000000000112,30305.0,440.0
Q-Learning,8,28,-16.770000000002142,0.014962593516209578,30706.0,401.0
Q-Learning,8,29,-12.270000000002069,0.008166969147005577,31257.0,551.0
Q-Learning,8,30,-5.2200000000020506,0.02381756756756763,31553.0,296.0
Q-Learning,8,31,1.829999999997968,0.02381756756756763,31849.0,296.0
Q-Learning,8,32,10.039999999997967,0.04561111111111111,32029.0,180.0
Q-Learning,8,33,17.169999999997984,0.0247569444444445,32317.0,288.0
Q-Learning,8,34,22.099999999998047,0.009704724409448945,32825.0,508.0
Q-Learning,8,35,23.399999999998187,0.0014925373134329978,33696.0,871.0
Q-Learning,8,36,30.18999999999821,0.021086956521739204,34018.0,322.0
Q-Learning,8,37,37.91999999999821,0.033903508771929845,34246.0,228.0
Q-Learning,8,38,44.87999999999823,0.02281967213114761,34551.0,305.0
Q-Learning,8,39,52.729999999998235,0.0363425925925926,34767.0,216.0
Q-Learning,8,40,60.219999999998244,0.029722222222222257,35019.0,252.0
Q-Learning,8,41,67.06999999999826,0.021677215189873488,35335.0,316.0
Q-Learning,8,42,75.54999999999826,0.05542483660130718,35488.0,153.0
Q-Learning,8,43,83.84999999999826,0.04853801169590643,35659.0,171.0
Q-Learning,8,44,92.52999999999827,0.06526315789473684,35792.0,133.0
Q-Learning,8,45,98.8999999999983,0.017500000000000092,36156.0,364.0
Q-Learning,8,46,107.2399999999983,0.04994011976047903,36323.0,167.0
Q-Learning,8,47,110.5699999999984,0.004985029940119907,36991.0,668.0
Q-Learning,8,48,116.73999999999845,0.01606770833333343,37375.0,384.0
Q-Learning,8,49,123.59999999999847,0.02177777777777785,37690.0,315.0
Q-Learning,8,50,131.33999999999847,0.034096916299559486,37917.0,227.0
Q-Learning,8,51,137.4199999999985,0.015470737913486104,38310.0,393.0
Q-Learning,8,52,144.86999999999853,0.02910156250000004,38566.0,256.0
Q-Learning,8,53,151.68999999999855,0.021379310344827658,38885.0,319.0
Q-Learning,8,54,158.44999999999857,0.020800000000000075,39210.0,325.0
Q-Learning,8,55,165.68999999999858,0.02613718411552352,39487.0,277.0
Q-Learning,8,56,171.72999999999863,0.015214105793450982,39884.0,397.0
Q-Learning,8,57,178.57999999999865,0.021677215189873488,40200.0,316.0
Q-Learning,8,58,180.92999999999876,0.0030678851174936275,40966.0,766.0
Q-Learning,8,59,187.2999999999988,0.017500000000000092,41330.0,364.0
Q-Learning,8,60,194.9999999999988,0.033333333333333354,41561.0,231.0
Q-Learning,8,61,202.29999999999882,0.026937269372693775,41832.0,271.0
Q-Learning,8,62,209.49999999999883,0.0256227758007118,42113.0,281.0
Q-Learning,8,63,214.1199999999989,0.008571428571428702,42652.0,539.0
Q-Learning,8,64,218.03999999999897,0.006436781609195542,43261.0,609.0
Q-Learning,8,65,224.669999999999,0.019615384615384698,43599.0,338.0
Q-Learning,8,66,233.279999999999,0.0615,43739.0,140.0
Q-Learning,8,67,239.51999999999904,0.01655172413793113,44116.0,377.0
Q-Learning,8,68,246.33999999999907,0.021379310344827658,44435.0,319.0
Q-Learning,8,69,253.00999999999908,0.019970059880239602,44769.0,334.0
Q-Learning,8,70,260.9399999999991,0.038125,44977.0,208.0
Q-Learning,8,71,269.27999999999906,0.04994011976047903,45144.0,167.0
Q-Learning,8,72,277.64999999999907,0.051036585365853655,45308.0,164.0
Q-Learning,8,73,284.3499999999991,0.02024169184290038,45639.0,331.0
Q-Learning,8,74,292.7499999999991,0.05217391304347825,45800.0,161.0
Q-Learning,8,75,302.02999999999906,0.12712328767123288,45873.0,73.0
Q-Learning,8,76,309.78999999999905,0.0344888888888889,46098.0,225.0
Q-Learning,8,77,317.5199999999991,0.033903508771929845,46326.0,228.0
Q-Learning,8,78,325.03999999999905,0.03020080321285144,46575.0,249.0
Q-Learning,8,79,330.5999999999991,0.012494382022472023,47020.0,445.0
Q-Learning,8,80,338.0399999999991,0.02894941634241249,47277.0,257.0
Q-Learning,8,81,346.1299999999991,0.042135416666666654,47469.0,192.0
Q-Learning,8,82,354.5099999999991,0.05141104294478527,47632.0,163.0
Q-Learning,8,83,356.6399999999992,0.0027030456852793444,48420.0,788.0
Q-Learning,8,84,364.8899999999992,0.04687499999999999,48596.0,176.0
Q-Learning,8,85,372.8599999999992,0.03906862745098039,48800.0,204.0
Q-Learning,8,86,381.5099999999992,0.06360294117647058,48936.0,136.0
Q-Learning,8,87,388.27999999999923,0.02089506172839514,49260.0,324.0
Q-Learning,8,88,396.19999999999925,0.037894736842105266,49469.0,209.0
Q-Learning,8,89,403.95999999999924,0.0344888888888889,49694.0,225.0
Q-Learning,8,90,411.27999999999923,0.027211895910780718,49963.0,269.0
Q-Learning,8,91,419.77999999999923,0.05629139072847681,50114.0,151.0
Q-Learning,8,92,426.0899999999993,0.017054054054054146,50484.0,370.0
Q-Learning,8,93,434.2899999999993,0.045303867403314914,50665.0,181.0
Q-Learning,8,94,443.18999999999926,0.08018018018018017,50776.0,111.0
Q-Learning,8,95,451.4099999999993,0.0459217877094972,50955.0,179.0
Q-Learning,8,96,459.4599999999993,0.041071428571428564,51151.0,196.0
Q-Learning,8,97,468.3099999999993,0.07629310344827586,51267.0,116.0
Q-Learning,8,98,476.6499999999993,0.04994011976047903,51434.0,167.0
Q-Learning,8,99,485.1999999999993,0.058561643835616434,51580.0,146.0
Q-Learning,9,0,-35.259999999999565,-0.00778882261983644,4527.0,4527.0
Q-Learning,9,1,-71.36999999999895,-0.007829575021682435,9139.0,4612.0
Q-Learning,9,2,-72.17999999999877,-7.486136783732107E-4,10221.0,1082.0
Q-Learning,9,3,-71.55999999999861,6.602768903090048E-4,11160.0,939.0
Q-Learning,9,4,-82.28999999999905,-0.005173577627772633,13234.0,2074.0
Q-Learning,9,5,-80.88999999999892,0.001626016260162763,14095.0,861.0
Q-Learning,9,6,-94.00999999999974,-0.005672287073065635,16408.0,2313.0
Q-Learning,9,7,-114.96000000000177,-0.006766795865633733,19504.0,3096.0
Q-Learning,9,8,-109.9100000000017,0.010181451612903349,20000.0,496.0
Q-Learning,9,9,-109.64000000000154,2.772073921972926E-4,20974.0,974.0
Q-Learning,9,10,-106.36000000000143,0.004873699851411737,21647.0,673.0
Q-Learning,9,11,-103.23000000000133,0.004549418604651311,22335.0,688.0
Q-Learning,9,12,-100.09000000000123,0.004570596797671181,23022.0,687.0
Q-Learning,9,13,-93.2600000000012,0.02147798742138372,23340.0,318.0
Q-Learning,9,14,-96.46000000000096,-0.002422407267221622,24661.0,1321.0
Q-Learning,9,15,-106.07000000000123,-0.00489806320081563,26623.0,1962.0
Q-Learning,9,16,-108.00000000000102,-0.001616415410385084,27817.0,1194.0
Q-Learning,9,17,-104.28000000000094,0.0059141494435613505,28446.0,629.0
Q-Learning,9,18,-97.72000000000091,0.019014492753623272,28791.0,345.0
Q-Learning,9,19,-94.17000000000081,0.0054953560371518466,29437.0,646.0
Q-Learning,9,20,-92.79000000000067,0.00159907300115891,30300.0,863.0
Q-Learning,9,21,-88.11000000000061,0.008780487804878178,30833.0,533.0
Q-Learning,9,22,-81.0000000000006,0.024517241379310405,31123.0,290.0
Q-Learning,9,23,-75.23000000000056,0.013608490566037844,31547.0,424.0
Q-Learning,9,24,-72.22000000000045,0.004300000000000149,32247.0,700.0
Q-Learning,9,25,-69.58000000000034,0.0035820895522389587,32984.0,737.0
Q-Learning,9,26,-66.85000000000022,0.003750000000000152,33712.0,728.0
Q-Learning,9,27,-59.350000000000215,0.02988047808764944,33963.0,251.0
Q-Learning,9,28,-51.640000000000214,0.033521739130434804,34193.0,230.0
Q-Learning,9,29,-44.590000000000195,0.02381756756756763,34489.0,296.0
Q-Learning,9,30,-36.76000000000019,0.03591743119266056,34707.0,218.0
Q-Learning,9,31,-31.180000000000142,0.012595936794582506,35150.0,443.0
Q-Learning,9,32,-32.02999999999996,-7.826887661140084E-4,36236.0,1086.0
Q-Learning,9,33,-24.369999999999955,0.03259574468085109,36471.0,235.0
Q-Learning,9,34,-19.1099999999999,0.011073684210526435,36946.0,475.0
Q-Learning,9,35,-12.449999999999873,0.019880597014925453,37281.0,335.0
Q-Learning,9,36,-7.269999999999815,0.01072463768115954,37764.0,483.0
Q-Learning,9,37,-1.779999999999763,0.012146017699115158,38216.0,452.0
Q-Learning,9,38,2.9600000000003046,0.008994307400379636,38743.0,527.0
Q-Learning,9,39,9.70000000000033,0.02061162079510711,39070.0,327.0
Q-Learning,9,40,18.120000000000328,0.05295597484276728,39229.0,159.0
Q-Learning,9,41,25.820000000000334,0.033333333333333354,39460.0,231.0
Q-Learning,9,42,34.04000000000033,0.0459217877094972,39639.0,179.0
Q-Learning,9,43,41.58000000000034,0.030526315789473717,39886.0,247.0
Q-Learning,9,44,49.04000000000035,0.02925490196078435,40141.0,255.0
Q-Learning,9,45,55.93000000000037,0.022083333333333403,40453.0,312.0
Q-Learning,9,46,63.510000000000375,0.03119341563786011,40696.0,243.0
Q-Learning,9,47,70.5000000000004,0.023145695364238477,40998.0,302.0
Q-Learning,9,48,77.7400000000004,0.02613718411552352,41275.0,277.0
Q-Learning,9,49,75.26000000000063,-0.001985588470776444,42524.0,1249.0
Q-Learning,9,50,83.00000000000064,0.034096916299559486,42751.0,227.0
Q-Learning,9,51,90.47000000000065,0.029409448818897677,43005.0,254.0
Q-Learning,9,52,97.44000000000068,0.022927631578947436,43309.0,304.0
Q-Learning,9,53,104.09000000000071,0.019791666666666746,43645.0,336.0
Q-Learning,9,54,110.29000000000075,0.01627296587926519,44026.0,381.0
Q-Learning,9,55,119.01000000000074,0.06759689922480619,44155.0,129.0
Q-Learning,9,56,126.22000000000077,0.025750000000000054,44435.0,280.0
Q-Learning,9,57,134.47000000000077,0.04687499999999999,44611.0,176.0
Q-Learning,9,58,140.16000000000082,0.013171296296296407,45043.0,432.0
Q-Learning,9,59,148.2300000000008,0.04159793814432989,45237.0,194.0
Q-Learning,9,60,156.29000000000082,0.041333333333333326,45432.0,195.0
Q-Learning,9,61,164.4900000000008,0.045303867403314914,45613.0,181.0
Q-Learning,9,62,173.5500000000008,0.09536842105263156,45708.0,95.0
Q-Learning,9,63,179.29000000000084,0.01344262295081978,46135.0,427.0
Q-Learning,9,64,184.8200000000009,0.012343750000000113,46583.0,448.0
Q-Learning,9,65,192.9000000000009,0.04186528497409325,46776.0,193.0
Q-Learning,9,66,201.3300000000009,0.05335443037974683,46934.0,158.0
Q-Learning,9,67,204.350000000001,0.004320457796852796,47633.0,699.0
Q-Learning,9,68,211.32000000000102,0.022927631578947436,47937.0,304.0
Q-Learning,9,69,219.44000000000102,0.04296296296296296,48126.0,189.0
Q-Learning,9,70,227.78000000000102,0.04994011976047903,48293.0,167.0
Q-Learning,9,71,234.99000000000103,0.025750000000000054,48573.0,280.0
Q-Learning,9,72,242.78000000000102,0.0350900900900901,48795.0,222.0
Q-Learning,9,73,251.69000000000102,0.081,48905.0,110.0
Q-Learning,9,74,260.750000000001,0.09536842105263156,49000.0,95.0
Q-Learning,9,75,269.61000000000104,0.07704347826086956,49115.0,115.0
Q-Learning,9,76,278.700000000001,0.09880434782608695,49207.0,92.0
Q-Learning,9,77,285.35000000000105,0.019791666666666746,49543.0,336.0
Q-Learning,9,78,292.4900000000011,0.02487804878048786,49830.0,287.0
Q-Learning,9,79,300.64000000000107,0.04381720430107526,50016.0,186.0
Q-Learning,9,80,309.47000000000105,0.07483050847457626,50134.0,118.0
Q-Learning,9,81,318.77000000000106,0.13098591549295774,50205.0,71.0
Q-Learning,9,82,325.96000000000106,0.025496453900709273,50487.0,282.0
Q-Learning,9,83,332.76000000000107,0.021183800623053032,50808.0,321.0
Q-Learning,9,84,341.96000000000106,0.11358024691358024,50889.0,81.0
Q-Learning,9,85,350.60000000000105,0.06306569343065692,51026.0,137.0
Q-Learning,9,86,358.84000000000106,0.04655367231638417,51203.0,177.0
Q-Learning,9,87,366.01000000000107,0.025246478873239494,51487.0,284.0
Q-Learning,9,88,374.98000000000104,0.08625,51591.0,104.0
Q-Learning,9,89,382.74000000000103,0.0344888888888889,51816.0,225.0
Q-Learning,9,90,390.84000000000106,0.04240837696335077,52007.0,191.0
Q-Learning,9,91,398.48000000000104,0.03223628691983125,52244.0,237.0
Q-Learning,9,92,407.11000000000104,0.06253623188405796,52382.0,138.0
Q-Learning,9,93,415.67000000000104,0.05903448275862068,52527.0,145.0
Q-Learning,9,94,423.440000000001,0.03468750000000002,52751.0,224.0
Q-Learning,9,95,431.49000000000103,0.041071428571428564,52947.0,196.0
Q-Learning,9,96,436.8700000000011,0.011619870410367288,53410.0,463.0
Q-Learning,9,97,445.02000000000106,0.04381720430107526,53596.0,186.0
Q-Learning,9,98,452.7400000000011,0.03371179039301312,53825.0,229.0
Q-Learning,9,99,458.2600000000011,0.012293986636971161,54274.0,449.0
